,Temperature,Latitude,Longitude,Humidity,Wind Speed,Cloud,Country,Date,City
0,-4.83,69.3833,178.4167,95,8.81,48,RU,1637121550,leningradskiy
1,75.06,-6.4333,39.55,72,8.37,93,TZ,1637121551,sokoni
2,19.6,56.4422,60.1878,89,11.12,99,RU,1637121441,polevskoy
3,68.04,-33.65,115.3333,59,9.75,99,AU,1637121551,busselton
4,64.15,-18.7247,-47.4986,86,5.39,50,BR,1637121551,monte carmelo
5,16.88,60.9167,-46.05,70,7.11,100,GL,1637121552,narsaq
6,27.05,60.1432,-45.2371,54,8.97,100,GL,1637121552,nanortalik
7,34.88,46.5168,-84.3333,77,9.22,90,CA,1637121552,sault sainte marie
8,-4.85,64.5011,-165.4064,85,6.73,5,US,1637121553,nome
9,43.43,36.6166,-121.0844,89,3.33,88,US,1637121553,san benito
10,21.36,55.7435,-97.8558,93,14.97,90,CA,1637121553,thompson
11,46.29,57.0531,-135.33,76,19.57,90,US,1637121553,sitka
12,85.05,11.9435,125.0206,68,7.36,67,PH,1637121554,calapi
13,74.37,18.7369,7.3853,28,4.56,31,NE,1637121554,arlit
14,77.14,15.85,-97.0667,73,4.54,0,MX,1637121554,puerto escondido
15,48.31,-53.15,-70.9167,71,21.85,75,CL,1637121333,punta arenas
16,54.59,37.4636,-122.4286,90,0.0,1,US,1637121555,half moon bay
17,19.51,65.6145,-37.6368,89,7.0,100,GL,1637121555,tasiilaq
18,36.01,42.6001,-73.9662,83,3.18,85,US,1637121514,albany
19,63.61,-42.7826,147.0587,41,3.0,39,AU,1637121555,new norfolk
20,42.46,-54.8,-68.3,93,34.52,75,AR,1637121556,ushuaia
21,76.86,22.0752,-159.319,74,7.23,20,US,1637121556,kapaa
22,76.44,5.6592,-53.7767,86,7.9,91,GF,1637121556,mana
23,64.54,-42.8794,147.3294,48,1.01,40,AU,1637121276,hobart
24,52.65,41.5388,-8.6151,77,5.88,100,PT,1637121557,barcelos
25,91.45,-20.3167,118.5667,52,16.11,6,AU,1637121557,port hedland
26,-9.4,69.4541,-133.0374,84,8.05,20,CA,1637121557,tuktoyaktuk
27,63.81,33.0833,-16.3333,59,11.5,75,PT,1637121558,camacha
28,74.14,-23.1203,-134.9692,76,19.44,1,PF,1637121558,rikitea
29,53.51,-46.6,168.3333,64,19.28,51,NZ,1637121558,bluff
30,29.75,42.097,-79.2353,98,1.99,59,US,1637121502,jamestown
31,46.42,50.8552,0.5729,86,9.4,60,GB,1637121559,hastings
32,42.73,-45.5752,-72.0662,77,8.08,100,CL,1637121284,coihaique
33,-0.54,71.2906,-156.7887,99,5.19,97,US,1637121559,barrow
34,75.72,19.8,85.85,71,15.52,97,IN,1637121559,puri
35,77.56,27.9167,96.1667,23,3.04,2,IN,1637121559,tezu
36,15.91,64.3833,-173.3,73,13.42,40,RU,1637121560,provideniya
37,57.79,-34.4187,19.2345,83,8.34,42,ZA,1637121560,hermanus
38,58.05,28.4604,119.9103,97,0.94,100,CN,1637121560,lishui
39,71.31,-22.9661,-42.0278,81,21.59,6,BR,1637121561,arraial do cabo
40,66.97,-33.3667,116.15,57,7.31,85,AU,1637121561,collie
41,68.83,-43.5333,172.6333,32,6.91,75,NZ,1637121561,christchurch
42,44.98,32.31,54.0175,72,13.24,99,IR,1637121562,ardakan
43,62.1,-29.3167,27.4833,46,4.25,1,LS,1637121562,maseru
44,84.31,-19.55,169.2667,70,0.0,75,VU,1637121562,isangel
45,35.67,59.7035,30.7861,94,6.29,100,RU,1637121562,nikolskoye
46,33.98,50.6996,-127.4199,93,2.3,20,CA,1637121563,port hardy
47,43.21,30.8127,56.564,60,5.84,100,IR,1637121563,zarand
48,60.93,29.0331,21.5482,68,5.86,0,LY,1637121563,jalu
49,78.19,-9.8,-139.0333,75,17.0,24,PF,1637121284,atuona
50,82.29,3.0707,172.7902,68,14.03,100,KI,1637121563,butaritari
51,82.4,5.4112,100.3354,78,1.01,40,MY,1637121531,georgetown
52,80.46,4.8,119.85,82,10.33,100,PH,1637121564,manuk mangkaw
53,77.05,-25.1667,45.05,71,5.66,12,MG,1637121564,beloha
54,63.16,-11.0964,-77.6139,86,8.34,95,PE,1637121564,hualmay
55,3.67,68.75,161.3,88,4.05,42,RU,1637121565,cherskiy
56,66.4,38.5167,-28.7,71,12.73,18,PT,1637121565,ribeira grande
57,64.24,-7.8447,-79.1469,83,5.39,92,PE,1637121565,chicama
58,76.23,19.7297,-155.09,93,11.5,90,US,1637121485,hilo
59,80.49,-19.0595,-169.9187,65,14.97,75,NU,1637121294,alofi
60,21.74,51.3223,42.7678,82,8.68,5,RU,1637121566,kamenka
61,37.51,37.4727,49.4622,77,6.04,97,IR,1637121566,bandar-e anzali
62,46.99,51.3813,1.3862,89,1.01,76,GB,1637121566,margate
63,-5.73,73.5069,80.5464,93,4.79,90,RU,1637121567,dikson
64,78.85,-21.2078,-159.775,89,14.97,20,CK,1637121567,avarua
65,24.89,47.9355,29.6198,67,6.4,5,UA,1637121567,balta
66,16.38,62.456,-114.3525,96,11.5,75,CA,1637121568,yellowknife
67,74.52,25.9873,-80.2323,74,3.0,64,US,1637121568,miramar
68,16.75,58.8353,125.4869,91,1.05,92,RU,1637121568,nizhniy kuranakh
69,56.37,-46.1927,168.8643,58,9.75,62,NZ,1637121568,mataura
70,81.84,-0.6,73.0833,79,15.93,25,MV,1637121569,hithadhoo
71,72.52,28.3667,129.4833,59,11.03,38,JP,1637121569,naze
72,57.36,-33.6971,-53.4616,86,11.9,100,UY,1637121569,chuy
73,52.57,-37.6167,-73.65,81,21.14,71,CL,1637121570,lebu
74,51.31,37.5683,126.9778,51,2.3,0,KR,1637121550,seoul
75,55.9,-35.3333,-72.4167,63,7.43,0,CL,1637121356,constitucion
76,-10.41,69.4865,88.3972,90,6.8,100,RU,1637121570,talnakh
77,66.94,-32.035,-52.0986,94,19.1,100,BR,1637121570,rio grande
78,20.07,69.7008,170.3133,77,11.81,100,RU,1637121571,pevek
79,27.57,44.0787,-80.2041,94,6.69,77,CA,1637121571,shelburne
80,58.89,38.2333,22.1167,76,7.99,43,GR,1637121571,temeni
81,80.76,-21.2,-175.2,83,11.5,20,TO,1637121571,vaini
82,62.4,-13.6261,-41.3269,96,2.8,100,BR,1637121572,barra da estiva
83,42.66,60.0973,19.9348,81,11.5,90,AX,1637121572,maarianhamina
84,-2.16,65.282,-126.8329,78,2.3,90,CA,1637121572,norman wells
85,58.17,-33.9258,18.4232,79,6.91,0,ZA,1637121572,cape town
86,72.28,28.017,-97.5169,69,17.65,0,US,1637121573,san patricio
87,76.03,-8.9266,125.4092,45,5.75,99,TL,1637121573,airai
88,45.97,40.9725,117.9361,62,4.09,30,CN,1637121573,chengde
89,45.75,48.8534,2.3488,97,1.01,90,FR,1637121010,paris
90,82.49,9.285,105.7244,81,18.14,100,VN,1637121574,bac lieu
91,3.7,65.75,150.85,94,14.38,100,RU,1637121574,zyryanka
92,96.67,-13.8483,136.4192,21,13.8,100,AU,1637121574,alyangula
93,33.42,64.8945,-23.7142,65,6.76,7,IS,1637121575,olafsvik
94,91.24,-25.2406,130.9889,12,8.05,4,AU,1637121575,yulara
95,74.34,-22.8375,-51.9731,56,7.11,100,BR,1637121575,colorado
96,47.03,67.667,12.6934,90,22.79,100,NO,1637121576,sorland
97,75.92,-26.5333,153.1,78,10.67,34,AU,1637121576,coolum beach
98,-33.18,71.9667,102.5,100,4.36,78,RU,1637121576,khatanga
99,76.5,10.1667,-14.0333,91,2.15,6,GN,1637121577,boffa
100,25.83,53.2168,-106.4011,91,23.96,100,CA,1637121577,shellbrook
101,79.09,-21.3585,55.7679,75,12.19,36,RE,1637121577,saint-philippe
102,61.88,-34.0033,24.7314,87,8.63,100,ZA,1637121578,kruisfontein
103,66.42,32.6475,110.7781,54,6.31,88,CN,1637121578,shiyan
104,50.76,-38.0023,-57.5575,69,1.01,75,AR,1637121563,mar del plata
105,77.29,-20.4081,57.7,78,8.05,20,MU,1637121578,mahebourg
106,79.59,-21.3393,55.4781,66,2.3,0,RE,1637121427,saint-pierre
107,68.97,27.5667,76.6,27,3.04,16,IN,1637121579,alwar
108,55.44,22.2667,-101.9667,27,4.5,63,MX,1637121579,loreto
109,45.79,68.1214,13.5031,91,16.22,100,NO,1637121579,gravdal
110,69.6,-34.7333,135.8667,55,13.69,54,AU,1637121579,port lincoln
111,64.47,-24.7911,-50.0119,75,3.71,100,BR,1637121580,castro
112,67.1,-34.5833,150.8552,63,8.77,70,AU,1637121580,flinders
113,69.64,-33.8667,121.9,71,13.29,90,AU,1637121580,esperance
114,38.46,39.9523,-75.1638,68,2.08,10,US,1637121484,filadelfia
115,74.25,13.0349,-9.4895,29,3.04,14,ML,1637121581,kita
116,22.15,50.6321,87.9563,89,1.61,100,RU,1637121581,ulagan
117,67.69,-13.6092,-42.9389,84,2.73,85,BR,1637121582,riacho de santana
118,83.46,-2.5744,150.7967,72,6.44,91,PG,1637121582,kavieng
119,63.1,-7.4006,-79.5714,87,8.43,98,PE,1637121583,pacasmayo
120,83.75,-23.7,133.8833,15,6.91,1,AU,1637121583,alice springs
121,79.59,-2.9248,-39.9167,75,14.43,31,BR,1637121584,itarema
122,65.48,32.3754,15.0925,43,15.21,1,LY,1637121584,misratah
123,71.94,21.2833,-88.2667,93,6.2,10,MX,1637121584,panaba
124,74.64,-9.6658,-35.7353,88,4.61,0,BR,1637121584,maceio
125,67.55,-0.7393,-90.3518,94,5.01,36,EC,1637121585,puerto ayora
126,80.58,8.4509,98.5298,91,1.66,100,TH,1637121585,phangnga
127,21.81,51.6828,102.1408,80,0.83,96,RU,1637121585,kyren
128,-16.08,70.6333,147.9167,100,3.02,95,RU,1637121586,chokurdakh
129,50.31,42.0494,-92.908,93,10.71,100,US,1637121586,marshalltown
130,84.79,-6.8844,112.2051,70,14.12,83,ID,1637121586,labuhan
131,80.17,22.8909,-109.9124,40,4.23,100,MX,1637121587,cabo san lucas
132,36.07,63.8424,-22.4338,75,1.14,75,IS,1637121587,grindavik
133,30.11,66.0449,-17.3389,89,37.71,100,IS,1637121587,husavik
134,78.31,-0.9131,122.8766,85,5.14,100,ID,1637121587,biak
135,37.92,40.8068,-74.1854,68,1.99,1,US,1637121588,bloomfield
136,35.62,50.6336,-96.9907,75,13.8,44,CA,1637121588,gimli
137,11.17,58.6978,81.4825,86,13.13,100,RU,1637121588,parabel
138,55.15,-43.3002,-65.1023,49,27.31,22,AR,1637121368,rawson
139,65.25,-5.5569,-80.8222,78,12.01,75,PE,1637121589,sechura
140,65.7,-33.5906,26.891,89,20.04,100,ZA,1637121589,port alfred
141,54.93,-46.2817,169.8464,78,10.36,81,NZ,1637121589,kaitangata
142,65.3,-35.1667,173.1667,74,8.93,99,NZ,1637121589,ahipara
143,33.71,50.6789,156.125,76,12.73,92,RU,1637121590,severo-kurilsk
144,2.14,67.4667,78.7,95,14.72,100,RU,1637121590,tazovskiy
145,-15.65,71.6872,128.8694,99,2.77,94,RU,1637121590,tiksi
146,60.1,34.6667,138.95,65,10.0,66,JP,1637121591,shimoda
147,6.39,65.5833,-171.0,87,9.75,11,RU,1637121591,lavrentiya
148,17.83,70.4692,-68.5914,67,6.91,51,CA,1637121591,clyde river
149,78.31,4.8699,-2.2405,85,6.76,38,GH,1637121591,axim
150,47.77,51.5877,-2.9984,89,12.46,65,GB,1637121592,newport
151,-1.25,64.8569,-147.8028,81,1.7,100,US,1637121592,college
152,77.09,-0.7193,8.7815,80,6.15,98,GA,1637121592,port-gentil
153,38.16,41.7597,86.1469,34,5.59,100,CN,1637121593,korla
154,72.1,-15.8631,-38.8828,86,1.61,87,BR,1637121593,belmonte
155,54.97,34.6391,-120.4579,95,8.05,90,US,1637121593,lompoc
156,91.98,-10.1667,123.5833,52,13.8,20,ID,1637121594,kupang
157,76.12,21.4667,76.4,52,4.9,100,IN,1637121594,nepa nagar
158,79.7,-5.1989,-35.4608,76,15.39,4,BR,1637121594,touros
159,-0.47,67.45,153.6833,99,4.43,100,RU,1637121594,srednekolymsk
160,65.16,39.05,-27.9833,71,12.97,72,PT,1637121595,lagoa
161,61.72,35.7333,140.8333,61,13.04,81,JP,1637121595,hasaki
162,75.87,-1.5233,-52.5817,84,4.16,72,BR,1637121595,almeirim
163,-30.96,71.9167,114.0833,100,4.27,63,RU,1637121596,saskylakh
164,75.04,25.5198,90.2201,59,1.07,0,IN,1637121596,tura
165,75.27,-24.8667,113.6333,57,16.11,8,AU,1637121596,carnarvon
166,72.41,22.9333,57.5333,39,1.63,0,OM,1637121597,nizwa
167,45.36,40.5982,-124.1573,71,0.0,1,US,1637121597,fortuna
168,72.77,17.4167,101.5,62,4.29,30,TH,1637121597,loei
169,57.27,-34.5322,20.0403,84,1.81,99,ZA,1637121598,bredasdorp
170,72.01,-5.6817,-43.0933,87,0.67,44,BR,1637121598,parnarama
171,65.84,32.6667,-17.1,62,7.72,17,PT,1637121598,ponta do sol
172,39.83,47.6666,-52.7314,86,23.02,75,CA,1637121599,torbay
173,33.96,42.0751,-72.0334,77,1.99,14,US,1637121599,southbridge
174,-12.06,69.4058,86.1778,94,5.03,96,RU,1637121599,dudinka
175,82.49,9.1769,105.15,84,11.41,100,VN,1637121599,ca mau
176,-2.07,66.4167,112.4,98,4.56,98,RU,1637121600,udachnyy
177,61.23,-14.9172,13.4925,93,2.3,100,AO,1637121600,lubango
178,83.64,-8.145,159.5921,72,2.73,67,SB,1637121601,buala
179,52.83,40.1629,-8.3327,76,6.08,89,PT,1637121602,lata
180,91.17,-20.7333,139.5,12,9.22,2,AU,1637121603,mount isa
181,76.37,14.8961,-24.4956,77,5.97,99,CV,1637121604,sao filipe
182,58.64,37.7322,115.7011,49,8.37,3,CN,1637121605,hengshui
183,38.19,41.7711,34.8709,63,6.82,1,TR,1637121607,sinop
184,56.79,37.9407,22.9573,75,5.19,35,GR,1637121576,corinto
185,80.92,6.5833,3.75,90,1.81,93,NG,1637121477,lagos
186,25.61,57.79,-152.4072,75,8.05,29,US,1637121609,kodiak
187,0.55,77.484,-69.3632,73,8.21,76,GL,1637121609,qaanaaq
188,79.52,9.5201,-84.3225,88,0.92,78,CR,1637121611,parrita
189,74.53,-1.5746,9.2618,92,3.96,100,GA,1637121611,omboue
190,66.07,32.9833,132.9333,40,2.37,0,JP,1637121611,nakamura
191,65.57,27.6667,-105.1667,19,9.89,0,MX,1637121613,camargo
192,-0.76,72.7868,-56.1549,68,7.56,6,GL,1637121613,upernavik
193,34.09,66.7131,27.4306,98,7.18,100,FI,1637121614,kemijarvi
194,64.09,29.9576,122.298,63,7.2,100,CN,1637121614,shenjiamen
195,75.94,-25.0519,33.6442,85,10.31,100,MZ,1637121615,xai-xai
196,57.36,38.146,13.0844,74,3.0,100,IT,1637121615,terrasini
197,69.19,-30.1811,-50.2056,96,4.09,100,BR,1637121615,cidreira
198,34.07,41.3712,-73.414,75,2.75,9,US,1637121615,bethel
199,23.43,54.7682,-101.865,93,16.06,100,CA,1637121616,flin flon
200,42.35,44.7561,136.2939,45,6.82,48,RU,1637121616,plastun
201,28.02,49.8633,26.0908,79,9.31,8,UA,1637121616,lanivtsi
202,64.15,-4.5772,-81.2719,88,14.45,97,PE,1637121617,talara
203,61.23,30.4833,-115.95,84,8.16,68,MX,1637121617,san quintin
204,63.12,28.6585,-17.9182,72,8.99,90,ES,1637121617,los llanos de aridane
205,73.45,18.7333,-103.6833,92,3.44,6,MX,1637121618,coahuayana
206,40.3,36.5449,61.1577,50,10.29,100,IR,1637121618,sarakhs
207,3.13,66.1451,-65.7125,70,5.75,14,CA,1637121618,pangnirtung
208,63.64,24.6877,46.7219,36,10.13,38,SA,1637121603,riyadh
209,64.02,-13.7,-76.2167,86,1.34,100,PE,1637121619,pisco
210,80.33,-8.0089,-34.8553,69,8.05,0,BR,1637121541,olinda
211,46.8,32.3502,-85.1999,87,0.0,1,US,1637121619,russell
212,56.05,37.1041,-113.5841,38,1.99,4,US,1637121410,saint george
213,62.08,27.9333,84.4167,56,0.49,15,NP,1637121619,bandipur
214,77.05,4.1363,96.1285,87,6.06,100,ID,1637121620,meulaboh
215,75.22,14.0833,77.5833,79,9.84,91,IN,1637121620,penukonda
216,93.81,-12.2333,136.7667,38,18.41,0,AU,1637121621,nhulunbuy
217,84.16,-2.5333,112.95,71,0.92,99,ID,1637121621,sampit
218,61.02,29.0605,-13.564,59,6.91,0,ES,1637121621,teguise
219,19.0,68.0531,39.5131,87,14.67,52,RU,1637121622,ostrovnoy
220,79.74,-2.8856,-40.12,76,14.83,17,BR,1637121622,acarau
221,87.49,-9.6567,120.2641,56,12.95,65,ID,1637121623,waingapu
222,82.44,2.6708,72.8944,78,17.16,36,MV,1637121623,kudahuvadhoo
223,28.06,63.05,179.3167,78,21.14,100,RU,1637121623,beringovskiy
224,32.95,47.8667,88.1167,77,2.15,100,CN,1637121624,altay
225,37.15,48.2333,129.5,54,3.27,61,CN,1637121624,xinqing
226,81.3,-13.8833,167.55,76,11.68,26,VU,1637121625,sola
227,59.02,37.05,140.8833,55,5.01,5,JP,1637121625,iwaki
228,60.15,35.1333,140.3,64,14.0,96,JP,1637121625,katsuura
229,85.78,-23.1333,150.7333,57,13.91,1,AU,1637121626,yeppoon
230,34.63,43.7501,-81.7165,70,16.42,100,CA,1637121626,goderich
231,90.14,14.8587,120.6215,56,16.11,82,PH,1637121626,malusac
232,58.21,29.9697,40.2064,40,2.57,100,SA,1637121626,sakakah
233,18.82,57.6731,66.1725,92,8.75,100,RU,1637121627,nizhnyaya tavda
234,86.05,-0.9492,100.3543,62,4.68,91,ID,1637121627,padang
235,49.64,-33.0393,-71.6273,81,4.61,0,CL,1637121627,valparaiso
236,6.73,60.3778,92.6267,81,4.47,100,RU,1637121628,teya
237,46.0,55.4627,-4.6339,76,13.8,75,GB,1637121628,ayr
238,47.03,-20.4597,-66.825,48,8.32,68,BO,1637121628,uyuni
239,27.59,55.7028,37.3822,88,11.18,90,RU,1637121629,marfino
240,74.48,18.0858,-15.9785,71,11.77,100,MR,1637121614,nouakchott
241,59.18,30.1667,-111.1,25,1.52,85,MX,1637121629,benjamin hill
242,84.0,10.0804,123.4587,75,8.77,97,PH,1637121630,bitoon
243,79.72,6.7989,81.4808,68,2.3,85,LK,1637121630,wattegama
244,-12.64,62.6667,135.6,94,1.19,79,RU,1637121630,khandyga
245,52.11,39.1834,-84.5333,88,1.01,62,US,1637121613,hamilton
246,80.85,-20.3428,57.7575,65,11.5,75,MU,1637121631,bambous virieux
247,-4.18,66.0,111.5,100,4.29,99,RU,1637121631,aykhal
248,83.5,-19.5167,45.4667,58,2.17,91,MG,1637121631,miandrivazo
249,14.49,52.8333,79.8667,91,4.32,27,RU,1637121632,blagoveshchenka
250,9.52,51.8,68.3333,82,8.23,87,KZ,1637121632,atbasar
251,6.3,63.7506,-68.5145,95,16.55,16,CA,1637121613,iqaluit
252,50.36,-45.4167,167.7167,84,3.06,98,NZ,1637121632,te anau
253,43.12,42.8,93.45,32,1.86,8,CN,1637121551,hami
254,39.79,44.3114,-96.7984,52,16.55,72,US,1637121633,brookings
255,86.99,-0.0333,109.3333,66,3.44,40,ID,1637121633,pontianak
256,79.02,11.472,49.8728,51,4.61,30,SO,1637121633,qandala
257,34.03,44.4908,-103.8594,32,3.0,75,US,1637121633,spearfish
258,51.31,41.5284,-87.4237,78,4.0,75,US,1637121411,griffith
259,65.97,7.7669,-72.225,92,1.01,100,VE,1637121634,san cristobal
260,36.91,54.0524,-128.6534,30,2.26,100,CA,1637121634,kitimat
261,88.99,18.2418,104.2122,46,2.59,41,LA,1637121634,ban nahin
262,13.57,68.3065,-53.4641,79,14.65,24,GL,1637121635,kangaatsiaq
263,41.22,38.8876,-76.5119,89,7.38,5,US,1637121618,mayo
264,65.37,29.5667,-104.4167,25,6.91,1,MX,1637121635,ojinaga
265,52.81,50.1186,-5.5371,82,17.45,92,GB,1637121635,penzance
266,77.09,21.3156,-158.0072,91,0.0,90,US,1637121398,ewa beach
267,78.42,-21.0096,55.2707,71,2.1,57,RE,1637121532,saint-paul
268,37.9,41.1231,80.2644,37,3.56,100,CN,1637121636,aksu
269,76.98,22.2855,114.1577,82,1.99,24,HK,1637121607,victoria
270,48.69,-51.6226,-69.2181,59,21.43,67,AR,1637121636,rio gallegos
271,50.32,39.5151,-84.3983,84,5.99,40,US,1637121473,middletown
272,81.19,6.15,73.2667,80,13.49,92,MV,1637121636,funadhoo
273,71.98,-10.3353,-67.1856,99,2.24,97,BR,1637121637,placido de castro
274,75.79,10.25,-74.0,72,2.82,100,CO,1637121637,ariguani
275,82.24,10.5669,72.642,71,11.74,53,IN,1637121637,kavaratti
276,78.46,5.8808,-10.0467,84,5.35,71,LR,1637121638,buchanan
277,46.38,69.3143,16.1194,87,12.66,75,NO,1637121638,andenes
278,75.92,-6.0911,-35.2086,85,7.83,12,BR,1637121638,nisia floresta
279,83.08,12.5847,-81.7006,73,16.58,99,CO,1637121638,san andres
280,64.69,-33.918,25.5701,88,9.22,90,ZA,1637121639,port elizabeth
281,73.02,1.0333,-75.9191,96,2.59,100,CO,1637121639,curillo
282,73.69,-36.1167,146.8833,47,5.99,28,AU,1637121639,wodonga
283,-2.27,68.5333,146.4167,97,5.01,100,RU,1637121640,belaya gora
284,40.53,46.4154,3.9054,94,6.91,90,FR,1637121640,saint-francois
285,82.78,0.5333,72.9333,74,18.21,26,MV,1637121640,thinadhoo
286,26.71,59.1167,159.9667,96,21.45,100,RU,1637121641,palana
287,21.52,56.1525,96.9161,82,3.49,100,RU,1637121641,tinskoy
288,54.36,37.3394,-121.895,85,1.99,1,US,1637121510,san jose
289,1.08,65.8167,87.9833,87,15.37,100,RU,1637121641,turukhansk
290,3.94,66.5606,67.7975,92,18.9,100,RU,1637121642,aksarka
291,87.67,8.1645,99.6804,69,2.21,100,TH,1637121642,thung song
292,45.43,-41.8697,-73.8203,76,2.8,81,CL,1637121642,ancud
293,86.02,-17.7333,-149.15,80,18.01,99,PF,1637121642,tautira
294,39.85,47.1666,-55.1483,100,24.54,43,CA,1637121643,marystown
295,83.93,-2.0226,147.2712,70,2.15,58,PG,1637121643,lorengau
296,85.08,-10.6167,150.6667,70,11.03,87,PG,1637121643,samarai
297,53.64,-34.6534,-58.6198,70,3.0,0,AR,1637121643,moron
298,47.25,50.1,1.8333,94,8.1,100,FR,1637121361,abbeville
299,72.5,-6.8205,30.4389,82,0.92,100,TZ,1637121644,karema
300,59.07,28.0996,-16.681,65,10.36,20,ES,1637121644,arona
301,89.13,13.727,100.2153,71,6.58,86,TH,1637121645,sam phran
302,70.7,10.2849,22.7882,31,5.08,27,CF,1637121645,birao
303,70.23,-15.1961,12.1522,83,1.74,91,AO,1637121645,namibe
304,65.75,38.7333,-27.0667,70,13.85,85,PT,1637121646,praia da vitoria
305,12.67,60.7522,-137.5108,94,3.29,100,CA,1637121646,haines junction
306,6.91,58.5169,-117.136,85,0.0,75,CA,1637121646,high level
307,-9.87,63.8986,122.7617,95,2.57,68,RU,1637121647,kysyl-syr
308,19.71,54.7169,-113.2854,91,9.86,61,CA,1637121370,athabasca
309,55.99,-45.8742,170.5036,66,16.42,89,NZ,1637121647,dunedin
310,46.27,65.087,12.3715,88,6.69,100,NO,1637121647,terrak
311,75.13,-23.9833,23.9,43,6.87,98,BW,1637121648,dutlwe
312,30.43,46.4856,135.8833,68,5.82,27,RU,1637121648,vostok
313,76.68,14.5333,20.9167,24,11.81,78,TD,1637121648,biltine
314,12.38,59.6425,-151.5483,72,8.16,3,US,1637121618,homer
315,43.72,62.2266,-6.589,79,40.09,47,FO,1637121648,klaksvik
316,80.46,10.9333,108.1,79,1.9,100,VN,1637121649,phan thiet
317,58.77,-28.4696,-65.7852,44,0.6,13,AR,1637121649,catamarca
318,75.24,21.4267,39.8261,55,3.85,6,SA,1637121611,mecca
319,70.23,-37.8333,140.7667,35,2.24,86,AU,1637121649,mount gambier
320,37.63,54.3161,-130.3201,92,10.8,100,CA,1637121650,prince rupert
321,55.54,-34.4833,-54.3333,75,14.36,97,UY,1637121650,rocha
322,78.89,13.2167,-59.5167,76,14.09,30,BB,1637121650,bathsheba
323,77.61,-4.3319,-40.1567,66,4.45,9,BR,1637121651,santa quiteria
324,60.71,35.3667,132.7667,48,5.82,84,JP,1637121651,izumo
325,78.57,13.6408,16.4901,14,8.95,100,TD,1637121651,moussoro
326,71.29,-21.6403,-41.0511,84,11.72,38,BR,1637121651,sao joao da barra
327,49.77,-33.7456,-61.9688,54,5.44,0,AR,1637121652,venado tuerto
328,64.02,-13.5432,23.1047,87,4.05,48,ZM,1637121652,zambezi
329,82.35,11.2833,-15.8333,69,11.18,66,GW,1637121652,bubaque
330,23.86,53.6039,91.3903,81,4.47,0,RU,1637121653,belyy yar
331,67.12,-38.2667,141.9667,44,1.59,100,AU,1637121653,codrington
332,78.12,4.8845,-1.7554,87,7.87,79,GH,1637121653,takoradi
333,-0.9,64.8378,-147.7164,81,1.81,100,US,1637121602,fairbanks
334,79.74,22.2394,68.9678,49,16.78,92,IN,1637121654,dwarka
335,40.05,44.6689,-90.1718,95,10.6,100,US,1637121654,marshfield
336,72.36,-12.7333,-69.1833,99,2.1,100,PE,1637121654,tambopata
337,44.74,38.6487,-7.5471,71,6.58,69,PT,1637121654,redondo
338,57.02,34.2257,-77.9447,67,4.63,0,US,1637121400,wilmington
339,56.28,36.5708,-119.6121,90,6.46,21,US,1637121655,selma
340,29.46,46.1262,-67.8403,73,8.05,90,US,1637121655,houlton
341,65.57,31.3525,27.2453,76,10.56,62,EG,1637121655,marsa matruh
342,31.5,49.2167,143.1167,43,16.87,19,RU,1637121656,poronaysk
343,32.95,46.6833,126.0833,90,14.09,87,CN,1637121656,qinggang
344,32.65,62.2247,40.2539,99,2.42,100,RU,1637121656,shalakusha
345,22.84,78.2186,15.6401,74,27.63,20,SJ,1637121656,longyearbyen
346,45.36,43.1836,-89.2137,82,3.0,100,US,1637121657,sun prairie
347,10.27,65.7,82.4667,94,15.3,100,RU,1637121657,krasnoselkup
348,26.62,47.4072,32.4387,79,7.29,8,UA,1637121657,bashtanka
349,22.35,59.6011,49.4232,94,5.68,97,RU,1637121658,letka
350,65.48,-2.5447,14.7533,96,2.26,100,CG,1637121658,djambala
351,75.61,22.4167,74.5667,36,9.64,98,IN,1637121658,jobat
352,61.02,27.7167,85.3167,72,2.3,20,NP,1637121658,kathmandu
353,45.3,40.4272,71.7189,57,2.3,100,UZ,1637121659,komsomolskiy
354,21.76,51.095,54.0814,94,14.63,99,KZ,1637121659,chingirlau
355,52.48,-46.1333,167.6833,78,11.3,83,NZ,1637121659,tuatapere
356,29.41,47.8304,-69.5342,60,16.06,13,CA,1637121660,riviere-du-loup
357,73.4,-14.8333,-64.9,99,2.55,100,BO,1637121660,trinidad
358,84.88,-3.8004,102.2655,65,6.58,15,ID,1637121660,bengkulu
359,61.27,37.7273,-89.2168,90,16.11,20,US,1637121728,carbondale
360,82.09,4.9333,-52.3333,82,4.0,0,GF,1637121604,cayenne
361,74.07,-3.7661,-49.6725,94,2.19,98,BR,1637121661,tucurui
362,73.53,-32.25,148.6167,27,4.61,0,AU,1637121661,dubbo
363,67.77,20.931,-17.0347,84,10.85,100,MR,1637121661,nouadhibou
364,78.66,-10.2667,40.1833,78,5.37,22,TZ,1637121662,mtwara
365,82.11,18.3258,72.965,74,3.56,100,IN,1637121662,murud
366,78.85,13.0667,-59.5333,75,14.23,31,BB,1637121662,oistins
367,78.13,-1.195,-46.02,85,6.35,25,BR,1637121662,carutapera
368,64.36,-26.6167,-54.1333,98,1.92,100,AR,1637121663,san vicente
369,28.81,47.2042,27.7958,86,9.22,0,MD,1637121663,ungheni
370,74.16,20.5022,-10.0711,27,8.32,100,MR,1637121663,adrar
371,34.11,42.1584,-72.3287,60,4.14,18,US,1637121664,palmer
372,36.68,36.2126,57.6819,48,16.11,75,IR,1637121664,sabzevar
373,79.9,-23.688,26.6595,39,2.33,100,BW,1637121664,mookane
374,63.54,-33.0153,27.9116,100,4.61,40,ZA,1637121472,east london
375,30.4,70.3705,31.1107,85,18.57,100,NO,1637121665,vardo
376,62.17,-37.8811,147.981,56,10.16,17,AU,1637121665,lakes entrance
377,25.79,50.7214,136.6319,61,2.26,6,RU,1637121665,solnechnyy
378,44.64,48.3333,1.0,91,6.35,100,FR,1637121666,nogent-le-rotrou
379,70.57,-27.1578,-48.5531,90,8.03,54,BR,1637121666,porto belo
380,81.45,8.5711,81.2335,77,8.95,97,LK,1637121498,trincomalee
381,75.2,26.5412,-77.0636,65,18.63,68,BS,1637121666,marsh harbour
382,75.92,14.2526,-5.993,29,9.35,51,ML,1637121666,niono
383,62.28,29.1081,21.2869,66,5.99,0,LY,1637121667,awjilah
384,87.82,-0.583,117.095,63,4.34,100,ID,1637121667,loa janan
385,64.56,27.9769,-114.0611,84,12.95,99,MX,1637121667,guerrero negro
386,80.31,13.5137,2.1098,18,5.7,53,NE,1637121614,niamey
387,56.73,-29.9533,-71.3436,78,2.28,3,CL,1637121668,coquimbo
388,76.73,5.3833,-52.95,88,7.94,91,GF,1637121668,sinnamary
389,18.05,54.2331,-125.7533,97,3.44,75,CA,1637121668,burns lake
390,33.12,63.9061,38.1404,89,2.51,100,RU,1637121669,onega
391,77.0,16.45,-85.85,86,14.36,99,HN,1637121669,savannah bight
392,77.29,5.6639,-67.6236,72,4.85,100,VE,1637121669,puerto ayacucho
393,37.26,38.7839,63.8803,52,13.94,100,TM,1637121670,sayat
394,64.99,28.8947,64.4101,16,2.24,35,PK,1637121670,dalbandin
395,39.83,39.0993,-76.8483,82,0.0,1,US,1637121472,laurel
396,33.12,47.3408,123.9672,82,13.02,100,CN,1637121670,qiqihar
397,71.13,3.1655,-52.3158,99,2.01,27,GF,1637121671,camopi
398,46.89,-22.4667,-68.9333,18,11.5,2,CL,1637121671,calama
399,22.86,43.3,52.8,76,2.39,5,KZ,1637121671,zhanaozen
400,17.58,60.8156,-115.7999,86,9.22,75,CA,1637121436,hay river
401,51.03,51.0333,-4.2167,81,15.88,79,GB,1637121672,northam
402,74.08,-23.7869,-54.2836,93,3.4,100,BR,1637121672,eldorado
403,-0.36,61.67,96.37,96,2.26,100,RU,1637121672,baykit
404,42.62,63.096,21.6158,93,9.22,90,FI,1637121673,vaasa
405,76.59,-16.1667,49.7667,73,1.83,35,MG,1637121673,mananara
406,78.69,19.9103,109.6859,76,17.9,82,CN,1637121673,lingao
407,68.16,29.4241,-98.4936,80,1.01,0,US,1637121609,san antonio
408,85.37,11.0517,124.0055,69,5.68,85,PH,1637121674,bogo
409,38.53,58.7097,13.8237,74,10.42,100,SE,1637121674,mariestad
410,76.75,21.4447,-157.8378,82,1.79,80,US,1637121674,ahuimanu
411,71.83,28.2833,74.3167,19,6.24,2,IN,1637121674,bhadasar
412,71.17,18.4411,1.4078,21,8.37,77,ML,1637121675,kidal
413,67.46,-10.1732,31.3694,64,2.44,100,ZM,1637121675,mungwi
414,42.58,42.1167,118.7833,48,17.76,58,CN,1637121675,mujiayingzi
415,29.68,40.0844,65.3792,64,13.8,90,UZ,1637121676,navoi
416,9.16,51.1,66.3167,85,8.97,98,KZ,1637121676,derzhavinsk
417,24.44,52.6333,29.7333,69,6.15,16,BY,1637121676,svetlogorsk
418,61.59,28.4204,-14.0131,59,9.22,25,ES,1637121676,las palmas
419,31.91,40.8334,-74.5329,81,1.01,1,US,1637121677,morris
420,75.06,-2.5364,-57.76,97,1.21,100,BR,1637121677,urucara
421,74.05,-2.65,10.0,89,4.07,100,GA,1637121677,gamba
422,54.79,27.8964,102.2634,63,0.83,98,CN,1637121677,xichang
423,38.73,63.4427,-20.2734,78,15.41,100,IS,1637121678,vestmannaeyjar
424,32.94,41.5,33.6667,86,0.45,4,TR,1637121678,kastamonu
425,41.31,45.4094,141.6739,51,20.15,76,JP,1637121678,wakkanai
426,71.89,-31.4333,152.9167,56,9.44,79,AU,1637121679,port macquarie
427,80.94,-16.7833,47.65,55,3.58,1,MG,1637121679,tsaratanana
428,30.29,46.6806,113.2792,33,22.93,3,MN,1637121679,baruun-urt
429,79.16,20.5169,-13.0499,28,6.76,100,MR,1637121679,atar
430,71.19,-14.4086,-56.4461,93,3.18,100,BR,1637121680,diamantino
431,32.02,51.1798,22.1309,93,6.42,87,PL,1637121559,poniatowa
432,58.46,-44.7,169.15,57,7.78,83,NZ,1637121680,wanaka
433,80.49,-12.7887,45.2699,74,6.91,40,YT,1637121680,dzaoudzi
434,75.2,5.5167,5.75,94,3.85,59,NG,1637121619,warri
435,73.35,27.1333,72.3667,21,9.04,7,IN,1637121680,phalodi
436,34.47,64.2539,-15.2082,56,14.63,0,IS,1637121681,hofn
437,82.92,-0.8833,131.25,71,2.17,100,ID,1637121681,sorong
438,61.16,36.3048,-86.62,86,1.01,52,US,1637121489,hendersonville
439,73.81,-28.7667,114.6,53,13.8,75,AU,1637121681,geraldton
440,83.48,-20.0167,148.2333,64,18.3,3,AU,1637121682,bowen
441,56.57,37.6667,21.6167,73,5.48,28,GR,1637121682,platanos
442,73.83,-18.0607,13.84,36,2.53,73,NA,1637121682,opuwo
443,36.43,54.5163,-128.6035,95,0.83,100,CA,1637121683,terrace
444,38.59,50.7,6.4833,96,2.3,75,DE,1637121683,nideggen
445,71.76,30.7333,72.65,14,2.98,0,PK,1637121625,kamalia
446,10.65,68.8193,-51.1922,81,5.5,3,GL,1637121683,qasigiannguit
447,80.53,-12.9319,45.1483,74,12.35,8,YT,1637121683,chirongui
448,75.51,13.1007,2.3689,22,1.92,78,NE,1637121684,say
449,67.15,13.6333,-86.8167,90,4.61,80,HN,1637121684,duyure
450,9.0,56.3491,78.3619,82,12.46,100,RU,1637121684,severnoye
451,71.06,10.3399,-68.7425,95,3.06,100,VE,1637121685,san felipe
452,75.92,-0.115,-51.2894,90,3.15,14,BR,1637121685,mazagao
453,53.65,33.5337,-82.1307,84,4.59,0,US,1637121595,evans
454,75.43,-31.95,141.4333,18,0.78,42,AU,1637121685,broken hill
455,33.08,44.5086,50.263,60,1.92,7,KZ,1637121686,fort-shevchenko
456,67.41,-17.8833,30.7,54,7.76,0,ZW,1637121686,norton
457,71.78,4.1213,43.8894,88,12.1,46,SO,1637121686,xuddur
458,72.48,10.3744,10.7288,25,3.49,73,NG,1637121686,bara
459,75.38,25.1833,93.0333,50,3.62,6,IN,1637121687,haflong
460,72.81,22.85,82.2,49,4.38,7,IN,1637121687,pasan
461,11.44,61.994,-49.6678,78,6.04,68,GL,1637121687,paamiut
462,87.73,14.1079,121.1414,58,11.65,94,PH,1637121688,santo tomas
463,2.03,60.5544,-151.2583,83,6.64,6,US,1637121688,kenai
464,78.87,-20.9373,55.2919,71,3.74,41,RE,1637121688,le port
465,27.28,53.5102,142.9671,67,18.14,100,RU,1637121689,ekhabi
466,31.44,43.133,-115.6912,46,9.53,0,US,1637121631,mountain home
467,80.26,21.6422,69.6093,38,15.01,99,IN,1637121689,porbandar
468,85.55,9.5601,-69.2148,71,5.46,100,VE,1637121689,araure
469,37.31,46.7833,-92.1066,76,0.0,90,US,1637121676,duluth
470,53.37,37.7799,-121.978,88,1.57,92,US,1637121428,san ramon
471,20.37,56.0498,97.6348,82,2.93,100,RU,1637121690,yurty
472,61.54,-26.7852,-60.4388,91,13.53,100,AR,1637121690,presidencia roque saenz pena
473,68.07,31.2156,29.9553,69,6.02,15,EG,1637121690,alexandria
474,57.25,33.7445,-118.387,89,1.01,75,US,1637121691,rancho palos verdes
475,80.47,-19.9842,57.6142,63,7.0,38,MU,1637121684,cap malheureux
476,44.15,40.2833,97.2,15,3.96,0,CN,1637121691,yumen
477,75.11,9.9022,4.4192,44,3.56,99,NG,1637121691,wawa
478,47.57,39.3558,-9.3811,71,12.08,79,PT,1637121692,peniche
479,-1.34,65.3667,64.6667,87,6.85,46,RU,1637121692,muzhi
480,60.46,-33.0117,17.9442,81,4.05,3,ZA,1637121692,saldanha
481,68.68,14.4,46.4667,26,2.55,58,YE,1637121693,marzuq
482,26.44,56.1874,52.4792,95,12.12,98,RU,1637121693,alnashi
483,44.4,51.55,-9.2667,84,9.22,100,IE,1637121693,skibbereen
484,81.93,21.4612,-71.1419,71,18.5,67,TC,1637121477,cockburn town
485,41.07,46.6166,10.7002,94,1.39,99,IT,1637121694,lasa
486,63.14,31.61,34.7642,47,5.79,100,IL,1637121694,gat
487,83.25,-8.7676,160.7034,73,1.88,46,SB,1637121694,auki
488,36.23,46.283,-96.0776,92,4.61,75,US,1637121695,fergus falls
489,61.79,10.0667,34.5333,43,5.91,8,ET,1637121695,asosa
490,63.54,33.8772,115.7703,43,5.88,100,CN,1637121695,bozhou
491,68.68,-23.2178,-44.7131,89,3.02,11,BR,1637121696,parati
492,34.05,51.226,-58.6502,68,21.45,100,CA,1637121696,saint-augustin
493,47.35,59.9156,5.781,89,4.0,100,NO,1637121696,hellvik
494,50.65,-8.8333,-77.4667,90,2.19,100,PE,1637121696,pomabamba
495,82.2,5.8933,95.3214,73,8.72,100,ID,1637121697,sabang
496,79.61,20.4487,121.9702,69,19.26,28,PH,1637121697,basco
497,70.74,-32.7167,152.15,61,11.83,62,AU,1637121697,nelson bay
498,38.98,53.1612,12.4829,88,6.78,100,DE,1637121698,wittstock
499,23.52,48.6814,71.6433,95,10.94,100,KZ,1637121698,atasu
500,50.88,33.194,-82.5271,51,6.24,0,US,1637121698,avera
501,41.43,59.3197,24.2114,92,8.52,100,EE,1637121698,klooga
502,46.31,60.3964,-1.353,65,24.94,41,GB,1637121699,brae
503,81.91,12.15,-68.2667,73,15.84,98,BQ,1637121699,kralendijk
504,73.4,-8.8368,13.2343,94,6.42,100,AO,1637121699,luanda
505,72.39,25.7833,81.1167,43,5.57,48,IN,1637121700,khaga
506,53.17,38.421,-121.4238,91,1.01,1,US,1637121700,laguna
507,86.95,3.1667,113.0333,58,1.79,95,MY,1637121700,bintulu
508,70.21,-32.5833,151.7833,57,9.01,92,AU,1637121700,clarence town
509,25.59,54.4299,31.8996,80,6.11,55,RU,1637121701,sobolevo
510,76.73,-26.0217,22.401,14,4.03,42,BW,1637121701,tsabong
511,64.2,-10.0681,-78.1522,85,7.7,100,PE,1637121701,huarmey
512,65.89,28.5833,65.4167,16,1.1,10,PK,1637121702,kharan
513,77.25,4.7717,33.5903,61,10.33,64,SS,1637121702,kapoeta
514,10.42,69.2167,-51.1,56,13.8,75,GL,1637121702,ilulissat
515,53.24,41.7178,-8.8571,78,7.87,100,PT,1637121703,areosa
516,60.46,35.55,133.2333,46,6.13,92,JP,1637121703,sakaiminato
517,80.08,-25.0333,46.3833,71,5.55,49,MG,1637121703,amboasary
518,74.98,13.35,-15.75,56,5.12,100,GM,1637121704,nioro
519,64.15,-16.6228,-72.7111,80,5.57,100,PE,1637121704,camana
520,33.62,51.5,156.5167,82,15.59,99,RU,1637121704,ozernovskiy
521,83.73,16.0617,99.8606,75,2.77,20,TH,1637121705,khanu woralaksaburi
522,63.7,31.7496,34.9888,42,3.53,100,IL,1637121705,bet shemesh
523,43.02,40.7391,-114.0733,45,4.76,0,US,1637121705,west wendover
524,77.11,14.3,-91.9167,76,3.56,21,GT,1637121705,champerico
525,62.55,34.6667,137.2667,40,10.96,0,JP,1637121706,tahara
526,61.97,30.2169,-90.9001,91,3.44,1,US,1637121706,ascension
527,73.69,9.6989,10.2744,27,2.33,14,NG,1637121706,yuli
528,30.13,41.7589,69.3864,94,15.41,100,KZ,1637121706,leninskoye
529,14.41,52.2332,57.4392,94,10.29,100,RU,1637121707,zilair
530,2.98,68.2191,-135.0107,96,9.98,100,CA,1637121707,aklavik
531,9.28,62.2667,151.7,96,7.27,100,RU,1637121707,orotukan
532,47.61,-38.7196,-62.2724,67,5.55,0,AR,1637121687,bahia blanca
533,66.34,33.6123,-91.7412,71,12.88,1,US,1637121708,killin
534,75.76,4.9533,-77.366,93,3.62,100,CO,1637121708,pizarro
535,33.75,71.0357,27.8492,86,4.61,20,NO,1637121708,mehamn
536,65.21,0.225,32.3136,91,1.1,100,UG,1637121708,mpigi
537,80.53,20.8947,-156.47,76,3.0,92,US,1637121709,kahului
538,80.26,5.3505,48.5268,67,10.27,67,SO,1637121709,hobyo
539,81.88,-21.35,165.15,67,9.6,46,NC,1637121709,poya
540,88.11,16.1307,119.7824,60,7.23,96,PH,1637121710,aloleng
541,60.26,24.4167,111.5167,87,5.64,100,CN,1637121710,babu
542,66.16,32.9333,132.7333,36,2.98,0,JP,1637121710,sukumo
543,64.27,33.7333,135.9833,47,4.81,0,JP,1637121711,shingu
544,70.72,-9.8756,-56.0861,98,2.39,100,BR,1637121711,alta floresta
545,66.96,26.9167,87.9167,59,2.73,18,NP,1637121711,ilam
546,16.32,58.9564,126.2925,90,0.81,94,RU,1637121712,tommot
547,64.42,9.8383,-83.8656,96,2.33,78,CR,1637121712,paraiso
548,51.06,36.4891,36.2233,34,4.32,100,TR,1637121712,belen
549,80.1,-20.2078,57.7625,62,11.27,56,MU,1637121713,quatre cocos
550,74.68,24.8,125.2833,75,14.18,32,JP,1637121713,hirara
551,90.34,-23.5333,148.1667,41,9.19,17,AU,1637121713,emerald
552,47.71,-35.4444,-60.8831,56,7.09,0,AR,1637121714,nueve de julio
553,60.4,34.9833,139.8667,63,12.28,73,JP,1637121714,tateyama
554,48.61,39.1112,-9.3643,91,7.0,77,PT,1637121714,silveira
555,67.03,-15.4311,-74.6158,70,2.75,96,PE,1637121715,acari
556,40.8,59.2858,25.6142,97,7.29,100,EE,1637121715,aegviidu
557,47.37,-40.8135,-62.9967,71,10.78,0,AR,1637121715,viedma
558,21.31,54.05,122.9,60,8.12,100,RU,1637121715,urusha
559,73.02,25.45,81.4333,43,5.82,56,IN,1637121716,karari
560,68.9,27.2333,77.2,33,3.36,73,IN,1637121716,nadbai
561,30.36,45.9454,-66.6656,77,5.01,11,CA,1637121717,fredericton
562,85.68,-3.5403,118.9707,65,7.65,89,ID,1637121717,majene
563,68.29,-29.6842,-53.8069,95,4.52,86,BR,1637121717,santa maria
564,65.84,-16.6589,-48.6081,88,5.61,54,BR,1637121717,silvania
565,12.49,53.1667,63.5833,85,11.18,0,KZ,1637121474,qostanay
566,37.45,40.973,-117.7357,48,9.22,1,US,1637121718,winnemucca
567,30.38,47.15,22.6167,88,2.64,8,RO,1637121718,halmasd
568,78.31,6.4965,2.6036,87,6.96,98,BJ,1637121718,porto novo
569,62.91,-14.6585,17.691,89,5.97,100,AO,1637121719,menongue
570,72.23,17.1503,-25.0201,75,7.47,100,CV,1637121719,pombas
571,21.0,51.1631,54.9918,94,14.07,100,RU,1637121719,sol-iletsk
572,33.39,58.5,31.1999,93,6.91,100,RU,1637121720,pankovka
573,34.72,46.4333,26.4,91,2.57,24,RO,1637121720,asau
574,50.14,52.9599,4.7593,89,11.99,75,NL,1637121720,den helder
575,54.55,38.7217,139.8217,54,10.2,77,JP,1637121720,tsuruoka
576,60.4,-27.8161,-50.3261,99,2.59,100,BR,1637121721,lages
